application_id;composant_id;Commentaire;perimetre_id;type_id;ENVIRONNEMENT;phase_id;USAGE;NOMUSAGE;lot_id;etat_id;DATELIVRAISON;volumetrie_id;Puissance;architecture_id;CONNECT;PVU;;;;;;;;;;;;;;;;;;;;;;;;;;;;;;;;;;;
GMAO MR;MAXIMO;;DSI-T;Laboratoire;LABO2;;LABO303;LABORATOIRE;303;Livré;01/01/2010;;;;0;;;;;;;;;;;;;;;;;;;;;;;;;;;;;;;;;;;;
GMAO MR;MAXIMO;;DSI-T;Laboratoire;LABO3;;LABO303;LABORATOIRE;303;Livré;01/01/2010;;;;0;;;;;;;;;;;;;;;;;;;;;;;;;;;;;;;;;;;;
GMAO MR;MAXIMO;;MOA;Formation;FORM1;;FORMATION;FORMATION;302;Désactivé;01/03/2010;;;;0;;;;;;;;;;;;;;;;;;;;;;;;;;;;;;;;;;;;
GMAO MR;MAXIMO;;MOA;Formation;FORM2;;FORMATION;FORMATION;302;Désactivé;01/03/2010;;;;0;;;;;;;;;;;;;;;;;;;;;;;;;;;;;;;;;;;;
ORCHESTRAL;WPS/WTX;sur s64lmwbicmh;MOA;Recette;REC-MOA-MCO;;REC-MOA-MCO;REC-MOA-MCO;302;Désactivé;01/09/2010;;;;0;;;;;;;;;;;;;;;;;;;;;;;;;;;;;;;;;;;;
ORCHESTRAL;WPS/WTX;sur s64lmwbicmh;MOA;Recette;R3B-MCO;;R3B-MCO;R3B-MCO;303;Désactivé;01/09/2010;;;;1;;;;;;;;;;;;;;;;;;;;;;;;;;;;;;;;;;;;
COHERENCE;MDM;1 environnement pour 1 compagnie;DSI-T;Intégration;COHINT;;INT;INT;302;Désactivé;01/03/2011;;;;0;;;;;;;;;;;;;;;;;;;;;;;;;;;;;;;;;;;;
COHERENCE;MDM;1 environnement pour 1 compagnie;DSI-T;Pré-production;COHPREPROD;;PREPROD;PREPROD;302;Désactivé;01/03/2011;;;;1;;;;;;;;;;;;;;;;;;;;;;;;;;;;;;;;;;;;
COHERENCE;MDM;1 environnement pour 1 compagnie;DSI-T;Production;COHPROD;;PROD;PROD;302;Désactivé;01/03/2011;;;;1;;;;;;;;;;;;;;;;;;;;;;;;;;;;;;;;;;;;
ORCHESTRAL;WPS/WTX;;DSI-T;Pré-production;PREPROD;;PREPROD;PREPROD;302;Désactivé;01/03/2011;;;;1;;;;;;;;;;;;;;;;;;;;;;;;;;;;;;;;;;;;
ORCHESTRAL;WPS/WTX;;DSI-T;Production;PROD;;PROD;PROD;302;Désactivé;01/03/2011;;;;1;;;;;;;;;;;;;;;;;;;;;;;;;;;;;;;;;;;;
GMAO MR;MAXIMO;;DSI-T;Intégration;INTEG2;;INTEGRATION;INTEGRATION;302;Désactivé;01/03/2011;;;;0;;;;;;;;;;;;;;;;;;;;;;;;;;;;;;;;;;;;
GMAO MR;MAXIMO;;MOA;Marche à blanc;MAB2;;MABMCO;MABMCO;302;Désactivé;01/03/2011;;;;1;;;;;;;;;;;;;;;;;;;;;;;;;;;;;;;;;;;;
GMAO MR;MAXIMO;;DSI-T;Pré-production;PREPROD;;PREPROD;PREPROD;302;Désactivé;01/03/2011;;;;1;;;;;;;;;;;;;;;;;;;;;;;;;;;;;;;;;;;;
GMAO MR;MAXIMO;;DSI-T;Production;PROD;;PROD;PROD;302;Désactivé;01/03/2011;;;;1;;;;;;;;;;;;;;;;;;;;;;;;;;;;;;;;;;;;
GMAO MR;MAXIMO;;MOA;Recette;REC3;;RECMCO;RECMCO;302;Désactivé;01/03/2011;;;;1;;;;;;;;;;;;;;;;;;;;;;;;;;;;;;;;;;;;
GMAO MR;MAXIMO;;MOA;Copie de production;REC5;;COPIEPROD;COPIEPROD;302;Désactivé;01/03/2011;;;;0;;;;;;;;;;;;;;;;;;;;;;;;;;;;;;;;;;;;
GMAO MR;MAXIMO;;DSI-T;Intégration;REFSNCF;;REFSNCF;REFSNCF;302;Désactivé;01/03/2011;;;;0;;;;;;;;;;;;;;;;;;;;;;;;;;;;;;;;;;;;
COHERENCE;SVN;;DSI-T;Outillage;SVN;;SVN;SVN;303;Livré;07/04/2011;;;;1;;;;;;;;;;;;;;;;;;;;;;;;;;;;;;;;;;;;
ORCHESTRAL;SVN;;DSI-T;Outillage;SVN;;SVN;SVN;303;Livré;07/04/2011;;;;1;;;;;;;;;;;;;;;;;;;;;;;;;;;;;;;;;;;;
GMAO MR;SVN;https://svn-e7.dsit.sncf.fr/osmose;DSI-T;Outillage;SVN-SNCF;;SVN;SVN;303;Livré;07/04/2011;;;;1;;;;;;;;;;;;;;;;;;;;;;;;;;;;;;;;;;;;
RDD;SSIS;;GROUPEMENT;Développement;SSIS-SNCF;;SSIS-DEV;SSIS-DEV;303;Livré;01/05/2011;;;;1;;;;;;;;;;;;;;;;;;;;;;;;;;;;;;;;;;;;
ORCHESTRAL;WPS/WTX;;DSI-T;Intégration;INT;;INT;INT;302;Désactivé;15/05/2011;;;;0;;;;;;;;;;;;;;;;;;;;;;;;;;;;;;;;;;;;
ORCHESTRAL;WPS/WTX;;GROUPEMENT;Développement;A définir;Global;WID (WPS/WESB);WID (WPS/WESB);303;Livré;15/05/2011;;;;1;#NOM?;;;;;;;;;;;;;;;;;;;;;;;;;;;;;;;;;;;
COHERENCE;MDM;1 environnement pour 1 compagnies;MOA;Recette;COHREC2;;REC-MOA-302;REC-MOA-302;302;Désactivé;20/05/2011;;;;1;;;;;;;;;;;;;;;;;;;;;;;;;;;;;;;;;;;;
COHERENCE;MDM;1 environnement pour 1 compagnies;DSI-T;Laboratoire;COHREC2;;QUALIF3031;QUALIF3031;302;Désactivé;20/05/2011;;;;0;;;;;;;;;;;;;;;;;;;;;;;;;;;;;;;;;;;;
ORCHESTRAL;WPS/WTX;;GROUPEMENT;Développement;A définir;Global;DESIGN STUDIO (WTX);DESIGN STUDIO (WTX);303;Livré;01/06/2011;;;;1;#NOM?;;;;;;;;;;;;;;;;;;;;;;;;;;;;;;;;;;;
COHERENCE;MDM;1 environnement pour 2 compagnies;MOA;Recette;COHREC2;;REC-RDD302;REC-RDD302;302;Désactivé;15/07/2011;;;;1;;;;;;;;;;;;;;;;;;;;;;;;;;;;;;;;;;;;
RDD;DATASTAGE;;GROUPEMENT;Développement;DEV303;Réal RDD;DRDD;DRDD;310;Livré;15/07/2011;;;;1;;;;;;;;;;;;;;;;;;;;;;;;;;;;;;;;;;;;
COHERENCE;MDM;1 environnement pour 1 compagnies;MOA;Marche à blanc;COHMAB2;;MAB-302;MAB-302;302;Désactivé;01/09/2011;;;;1;;;;;;;;;;;;;;;;;;;;;;;;;;;;;;;;;;;;
GMAO MR;BSM;Business Service Management;DSI-T;Laboratoire;POCHP-BSM;;POCHP-BSM;POCHP-BSM;303;Désactivé;05/09/2011;;;;1;;;;;;;;;;;;;;;;;;;;;;;;;;;;;;;;;;;;
GMAO MR;RUM;Real User Monitor;DSI-T;Laboratoire;POCHP-RUMENGINE;;POCHP-RUMENGINE;POCHP-RUMENGINE;303;Désactivé;05/09/2011;;;;1;;;;;;;;;;;;;;;;;;;;;;;;;;;;;;;;;;;;
GMAO MR;RUM;Real User Monitor;DSI-T;Laboratoire;POCHP-RUMPROBE;;POCHP-RUMPROBE;POCHP-RUMPROBE;303;Désactivé;05/09/2011;;;;1;;;;;;;;;;;;;;;;;;;;;;;;;;;;;;;;;;;;
RDD;DATASTAGE;;GROUPEMENT;Fiabilisation;FIAB303;Fiabilasation;FIAB;FIAB;310;Livré;15/09/2011;;;;1;;;;;;;;;;;;;;;;;;;;;;;;;;;;;;;;;;;;
ORCHESTRAL;WPS/WTX;sur serveur virtuel;MOA;Recette;REC-MOA-MCO;;REC-MOA-MCO;REC-MOA-MCO;302;Désactivé;19/09/2011;;;;0;;;;;;;;;;;;;;;;;;;;;;;;;;;;;;;;;;;;
COHERENCE;MDM;1 environnement pour 1 compagnies;MOA;Recette;RECMOA303;Recette Monobrique 303;1BRIQUE;1BRIQUE;303;Livré;01/11/2011;ISO PROD;RECETTE;SIMPLIFIE;0;;;;;;;;;;;;;;;;;;;;;;;;;;;;;;;;;;;;
RDD;DATASTAGE;;MOA;Recette;DS-SNCF;;REC303;REC303;303;Désactivé;05/11/2011;;;;1;;;;;;;;;;;;;;;;;;;;;;;;;;;;;;;;;;;;
RDD;DATASTAGE;;MOA;Marche à blanc;DS-SNCF;;MAB303;MAB;303;Désactivé;05/11/2011;;;;1;;;;;;;;;;;;;;;;;;;;;;;;;;;;;;;;;;;;
RDD;DATASTAGE;;DSI-T;Pré-production;DS-SNCF;;PREPROD303;PREPROD303;303;Désactivé;05/11/2011;;;;1;;;;;;;;;;;;;;;;;;;;;;;;;;;;;;;;;;;;
RDD;DATASTAGE;;DSI-T;Production;DS-SNCF;;PROD303;PROD303;303;Désactivé;05/11/2011;;;;0;;;;;;;;;;;;;;;;;;;;;;;;;;;;;;;;;;;;
RDD;SSIS;;MOA;Recette;SSIS-SNCF;RDD;REC303;REC303;303;Désactivé;05/11/2011;;;;1;;;;;;;;;;;;;;;;;;;;;;;;;;;;;;;;;;;;
RDD;SSIS;;MOA;Marche à blanc;SSIS-SNCF;;MAB303;MAB;303;Désactivé;05/11/2011;;;;1;;;;;;;;;;;;;;;;;;;;;;;;;;;;;;;;;;;;
COHERENCE;SSIS;;DSI-T;Production;SSIS-SNCF;;PROD303;PROD303;303;Désactivé;05/11/2011;;;;0;;;;;;;;;;;;;;;;;;;;;;;;;;;;;;;;;;;;
RDD;SSIS;;DSI-T;Production;SSIS-SNCF;;PROD303;REC303;303;Désactivé;05/11/2011;;;;1;;;;;;;;;;;;;;;;;;;;;;;;;;;;;;;;;;;;
RDD-PMS;SSIS;;MOA;Marche à blanc;SSIS-SNCF;;MABPMS303;MAB;303;Désactivé;05/11/2011;;;;1;;;;;;;;;;;;;;;;;;;;;;;;;;;;;;;;;;;;
RDD-PMS;SSIS;;MOA;Recette;SSIS-SNCF;RDD;RECPMS303;REC303;303;Livré;05/11/2011;;;;1;;;;;;;;;;;;;;;;;;;;;;;;;;;;;;;;;;;;
RDD-PMS;SSIS;;DSI-T;Production;SSIS-SNCF;;PRODPMS303;MAB;303;Désactivé;05/11/2011;;;;1;;;;;;;;;;;;;;;;;;;;;;;;;;;;;;;;;;;;
GMAO MR;MAXIMO;conception;MOA;Formation;FORM1;;EPI-C0;EPI-C0;303;Désactivé;25/11/2011;;;;0;;;;;;;;;;;;;;;;;;;;;;;;;;;;;;;;;;;;
GMAO MR;MAXIMO;conception;MOA;Formation;FORM4;E-LEARNING 303;E-LEARNING;E-LEARNING;303;Livré;25/11/2011;;;;0;;;;;;;;;;;;;;;;;;;;;;;;;;;;;;;;;;;;
GMAO MR;MAXIMO;conception;MOA;Formation;FORM5;BAC A SABLE 303;BAC A SABLE;BAC A SABLE;303;Livré;25/11/2011;;;;0;;;;;;;;;;;;;;;;;;;;;;;;;;;;;;;;;;;;
COHERENCE;MDM;1 environnement pour 1 compagnies;MOA;Formation;COHFORM;BAC A SABLE 303;EPI-COH;EPI-COH;303;Livré;02/01/2012;;;;0;;;;;;;;;;;;;;;;;;;;;;;;;;;;;;;;;;;;
COHERENCE;MDM;1 environnement pour 1 compagnies;MOA;Recette;RECRDD303;;RDD;RDD;303;Désactivé;16/01/2012;;;;1;;;;;;;;;;;;;;;;;;;;;;;;;;;;;;;;;;;;
COHERENCE;MDM;1 environnement pour 1 compagnies;MOA;Recette;RECITF303;Recette multibrique 303;REC303;REC303;303;Livré;16/01/2012;;;;1;;;;;;;;;;;;;;;;;;;;;;;;;;;;;;;;;;;;
OSMOVISION;OSMOVISION;;GROUPEMENT;Fiabilisation;FIAB;;FIAB;FIAB;303;Désactivé;20/01/2012;;;;1;;;;;;;;;;;;;;;;;;;;;;;;;;;;;;;;;;;;
OSMOVISION;OSMOVISION;;MOA;Recette;RDD;;RDD;RDD;303;Désactivé;20/01/2012;;;;1;;;;;;;;;;;;;;;;;;;;;;;;;;;;;;;;;;;;
OSMOVISION;OSMOVISION;;DSI-T;Pilote;PILOTE;;PILOTE;PILOTE;303;Désactivé;20/01/2012;;;;1;;;;;;;;;;;;;;;;;;;;;;;;;;;;;;;;;;;;
ORCHESTRAL;WPS/WTX;Marche en double;MOA;Recette;RECRDD303;;RDD;RDD;303;Désactivé;24/01/2012;;;;1;;;;;;;;;;;;;;;;;;;;;;;;;;;;;;;;;;;;
GMAO MR;MAXIMO;;DSI-T;Recette;REC4;;REC303 RDD;RDD;303;Livré;24/01/2012;;;;1;;;;;;;;;;;;;;;;;;;;;;;;;;;;;;;;;;;;
SGRM;JRULES;Dev;GROUPEMENT;Développement;DEV1;Réal MR;DEV310;DEV310;310;Désactivé;01/02/2012;STANDARD;DEV-PF1;SIMPLIFIE (StandAlone);0;;;;;;;;;;;;;;;;;;;;;;;;;;;;;;;;;;;;
GMAO MR;MAXIMO;besoin temporaire->VM;MOA;Recette;REC7;;BAC-MOA-FORMATION303;BAC-MOA-FORMATION303;303;Désactivé;06/02/2012;;;;0;;;;;;;;;;;;;;;;;;;;;;;;;;;;;;;;;;;;
GMAO MR;MAXIMO;besoin temporaire->VM;MOA;Recette;REC8;;VERIF-MAB;VERIF-MAB;303;Désactivé;06/02/2012;;;;0;;;;;;;;;;;;;;;;;;;;;;;;;;;;;;;;;;;;
GMAO MR;MAXIMO;Dataguard dans la configuration;DSI-T;Pilote;PROD303;;PILOTE GENERALISE;PILOTE GENERALISE;303;Désactivé;15/02/2012;;;;1;;;;;;;;;;;;;;;;;;;;;;;;;;;;;;;;;;;;
GMAO MR;MAXIMO;;MOA;Recette;REC2;;1BRIQUE;1BRIQUE;303;Désactivé;20/02/2012;;;;0;;;;;;;;;;;;;;;;;;;;;;;;;;;;;;;;;;;;
OSMOVISION;OSMOVISION;;MOA;Recette;REC1;;RECETTE 1B;1BRIQUE;303;Désactivé;27/02/2012;;;;0;;;;;;;;;;;;;;;;;;;;;;;;;;;;;;;;;;;;
OSMOVISION;OSMOVISION;;MOA;Recette;REC2;;RECETTE RDD;RECRDD;303;Désactivé;27/02/2012;;;;0;;;;;;;;;;;;;;;;;;;;;;;;;;;;;;;;;;;;
OSMOVISION;OSMOVISION;;MOA;Fiabilisation;REC3;;FIABILISATION;FIAB;303;Désactivé;27/02/2012;;;;0;;;;;;;;;;;;;;;;;;;;;;;;;;;;;;;;;;;;
PANAM;JVIEWS/CPLEX;PERMUTATION QUALIF3031 <-> REC3031;MOA;Qualification;INT1;Recette multibrique 303;QUALIF3031;QUALIF3031;303;Livré;27/02/2012;STANDARD;RECETTE;SIMPLIFIE;1;;;;;;;;;;;;;;;;;;;;;;;;;;;;;;;;;;;;
GMAO MR;MAXIMO;rafraichissement quotidien vespéral- mardi- mercredi- jeudi;MOA;Formation;FORM2;FORMATION 303;EPI;EPI;303;Livré;01/03/2012;;;;0;;;;;;;;;;;;;;;;;;;;;;;;;;;;;;;;;;;;
GMAO MR;MAXIMO;rafraichissement quotidien vespéral- mardi- mercredi- jeudi;MOA;Formation;FORM3;;EPI-F2;EPI-F2;303;Désactivé;01/03/2012;;;;0;;;;;;;;;;;;;;;;;;;;;;;;;;;;;;;;;;;;
COHERENCE;MDM;;DSI-T;Pilote;PILOTE;;PILOTE;PILOTE;303;Désactivé;05/03/2012;;;;1;;;;;;;;;;;;;;;;;;;;;;;;;;;;;;;;;;;;
ORCHESTRAL;WPS/WTX;;DSI-T;Pilote;PILOTE;;PILOTE;PILOTE;303;Désactivé;05/03/2012;;;;1;;;;;;;;;;;;;;;;;;;;;;;;;;;;;;;;;;;;
GMAO MR;MAXIMO;;MOA;Copie de production;REC6;COPIE DE PRODUCTION 303;COPI303;COPIEPROD;303;Livré;05/03/2012;ISO PROD;RECETTE;SIMPLIFIE;0;;;;;;;;;;;;;;;;;;;;;;;;;;;;;;;;;;;;
GMAO MR;MAXIMO;;MOA;Recette;REC9;;RDD2;RDD2;303;Désactivé;16/03/2012;;;;1;;;;;;;;;;;;;;;;;;;;;;;;;;;;;;;;;;;;
OSMOVISION;OSMOVISION;;MOA;Marche à blanc;MAB;MARCHE A BLANC 303;MAB303;MAB;303;Livré;19/03/2012;ISO PROD;ISO PROD;ISO PROD;1;;;;;;;;;;;;;;;;;;;;;;;;;;;;;;;;;;;;
OSMOVISION;OSMOVISION;;DSI-T;Pilote;PROD;;PILOTE GENERALISE;PILOTE GENERALISE;303;Désactivé;19/03/2012;;;;0;;;;;;;;;;;;;;;;;;;;;;;;;;;;;;;;;;;;
GMAO MR;MAXIMO;copie F1/F2 rafraichissement hebdomaire;MOA;Formation;FORM6;;EPI-BAC-S1;EPI-BAC-S1;303;Désactivé;28/03/2012;;;;0;;;;;;;;;;;;;;;;;;;;;;;;;;;;;;;;;;;;
GMAO MR;MAXIMO;COPIE de PROD hebdomadaire;MOA;Formation;FORM7;;EPI-BAC-S2;EPI-BAC-S2;303;Désactivé;28/03/2012;;;;0;;;;;;;;;;;;;;;;;;;;;;;;;;;;;;;;;;;;
ORCHESTRAL;WPS/WTX;tests techniques egalement;MOA;Marche à blanc;MAB303;MARCHE A BLANC 303;MAB303;MAB;303;Livré;23/04/2012;ISO PROD;ISO BATCH;AVANCE;1;;;;;;;;;;;;;;;;;;;;;;;;;;;;;;;;;;;;
COHERENCE;MDM;tests techniques egalement;MOA;Marche à blanc;MAB303;MARCHE A BLANC 303;MAB303;MAB;303;Livré;23/04/2012;ISO PROD;ISO BATCH;AVANCE;1;;;;;;;;;;;;;;;;;;;;;;;;;;;;;;;;;;;;
GMAO MR;MAXIMO;;MOA;Marche à blanc;MAB1;MARCHE A BLANC 303;MAB303;MARCHE A BLANC;303;Livré;23/04/2012;ISO PROD;ISO BATCH;AVANCE;1;;;;;;;;;;;;;;;;;;;;;;;;;;;;;;;;;;;;
COHERENCE;MDM;;DSI-T;Pré-production;PREPROD;;PREPROD;PREPROD;303;Désactivé;01/05/2012;;;;1;;;;;;;;;;;;;;;;;;;;;;;;;;;;;;;;;;;;
COHERENCE;MDM;;DSI-T;Pilote;PILOTE;;PILOTE GENERALISE;PILOTE GENERALISE;303;Désactivé;01/05/2012;;;;1;;;;;;;;;;;;;;;;;;;;;;;;;;;;;;;;;;;;
PANAM;JVIEWS/CPLEX;;MOA;Recette;REC1;Recette Monobrique 303;REC3031 1B;REC1B;303;Livré;10/06/2012;ISO PROD;RECETTE;SIMPLIFIE;0;;;;;;;;;;;;;;;;;;;;;;;;;;;;;;;;;;;;
PANAM;JVIEWS/CPLEX;ref DAT12C7E;DSI-T;Performance;PERF;;PERF3031;PERFORMANCE;303;Livré;14/06/2012;ISO PROD;ISO PROD;ISO PROD;1;;;;;;;;;;;;;;;;;;;;;;;;;;;;;;;;;;;;
PANAM;JVIEWS/CPLEX;;MOA;Formation;FOR2;BAC A SABLE;BAC3031;BAC A SABLE;303;Livré;15/07/2012;ISO PROD;RECETTE;SIMPLIFIE;0;;;;;;;;;;;;;;;;;;;;;;;;;;;;;;;;;;;;
GMAO MR;MAXIMO;;DSI-T;Intégration;TRESI1;;TEST RESEAU;TEST RESEAU;303;Livré;15/07/2012;;;;0;;;;;;;;;;;;;;;;;;;;;;;;;;;;;;;;;;;;
GMAO MR;MAXIMO;;DSI-T;Outillage;TRESP1;;TEST RESEAU;TEST RESEAU;303;Livré;15/07/2012;;;;0;;;;;;;;;;;;;;;;;;;;;;;;;;;;;;;;;;;;
PANAM;JVIEWS/CPLEX;;DSI-T;Intégration;INT2;;INT3031;INTEGRATION;303;Livré;22/07/2012;STANDARD;RECETTE;ISO PROD;0;;;;;;;;;;;;;;;;;;;;;;;;;;;;;;;;;;;;
PANAM;JVIEWS/CPLEX;;MOA;Formation;FOR1;FORMATION 303;FOR3031;FORMATION;303;Livré;25/08/2012;STANDARD;RECETTE;SIMPLIFIE;0;;;;;;;;;;;;;;;;;;;;;;;;;;;;;;;;;;;;
COHERENCE;MDM;1 environnement pour 1 compagnies;MOA;Copie de production;COPIEPROD;COPIE DE PRODUCTION 303;COPIEPROD;COPIEPROD;303;Livré;01/09/2012;ISO PROD;RECETTE;SIMPLIFIE;0;;;;;;;;;;;;;;;;;;;;;;;;;;;;;;;;;;;;
COHERENCE;MDM;;DSI-T;Production;COHPROD;;PRODUCTION;PRODUCTION;303;Livré;20/09/2012;ISO PROD;ISO PROD;ISO PROD;1;;;;;;;;;;;;;;;;;;;;;;;;;;;;;;;;;;;;
ORCHESTRAL;WPS/WTX;;DSI-T;Production;PROD;;PRODUCTION;PRODUCTION;303;Livré;20/09/2012;ISO PROD;ISO PROD;ISO PROD;1;;;;;;;;;;;;;;;;;;;;;;;;;;;;;;;;;;;;
OSMOVISION;OSMOVISION;;DSI-T;Production;PROD;;PROD303;PRODUCTION;303;Livré;20/09/2012;ISO PROD;ISO PROD;ISO PROD;1;;;;;;;;;;;;;;;;;;;;;;;;;;;;;;;;;;;;
XOS;XOS;;DSI-T;Production;PROD303;;PROD303;PRODUCTION;303;Livré;20/09/2012;ISO PROD;ISO PROD;ISO PROD;1;;;;;;;;;;;;;;;;;;;;;;;;;;;;;;;;;;;;
GMAO MR;MAXIMO;;DSI-T;Production;PROD;;PROD303;PRODUCTION;303;Livré;20/09/2012;ISO PROD;ISO PROD;ISO PROD;1;;;;;;;;;;;;;;;;;;;;;;;;;;;;;;;;;;;;
ORCHESTRAL;WPS/WTX;Dev/qualif des dev Majeurs MCO;GROUPEMENT;Développement;ORCHDEV1;Réal;MCOMAJ310;MCOMAJ310;303;Livré;25/09/2012;;;;0;#NOM?;;;;;;;;;;;;;;;;;;;;;;;;;;;;;;;;;;;
ORCHESTRAL;WPS/WTX;Dev/qualif des dev mineurs MCO;GROUPEMENT;Développement;ORCHDEV4;Réal;MCOMIN310;MCOMIN310;303;Livré;25/09/2012;;;;0;#NOM?;;;;;;;;;;;;;;;;;;;;;;;;;;;;;;;;;;;
GMAO MR;MBR;Pour Dev mco 303;GROUPEMENT;Développement;X64LMWBIDS7;Global;MBR-MCO;MBR-MCO-DEV;303;Livré;25/09/2012;;;;1;;;;;;;;;;;;;;;;;;;;;;;;;;;;;;;;;;;;
GMAO MR;MAXIMO;besoin urgent;GROUPEMENT;Développement;DEV1;MCO 303;DEV1;#NOM?;303;Livré;26/09/2012;ISO PROD;DEV-PF1;SIMPLIFIE;0;;;;;;;;;;;;;;;;;;;;;;;;;;;;;;;;;;;;
COHERENCE;SSIS;;GROUPEMENT;Développement;S64LMWBIE0W ;Global;DEV310;DEV310;310;Livré;26/09/2012;;;;1;;;;;;;;;;;;;;;;;;;;;;;;;;;;;;;;;;;;
COHERENCE;SSIS;;GROUPEMENT;Développement;S64LMWBIAOY ;Global ;DEV303;DEV303;303;Livré;26/09/2012;;;;1;;;;;;;;;;;;;;;;;;;;;;;;;;;;;;;;;;;;
PANAM;JVIEWS/CPLEX;;GROUPEMENT;Développement;DEV1;;DEV3031;DEV303;303;Livré;26/09/2012;STANDARD;RECETTE;SIMPLIFIE;0;;;;;;;;;;;;;;;;;;;;;;;;;;;;;;;;;;;;
PANAM;JVIEWS/CPLEX;;GROUPEMENT;Développement;DEV2;;DEV3031;DEV303;303;Livré;26/09/2012;STANDARD;RECETTE;SIMPLIFIE;0;;;;;;;;;;;;;;;;;;;;;;;;;;;;;;;;;;;;
PANAM;MC;Utilisé par ETV;DSI-T;Laboratoire;TEST-MC;;TEST-MC;TEST-MC;303;Livré;26/09/2012;STANDARD;RECETTE;SIMPLIFIE;0;;;;;;;;;;;;;;;;;;;;;;;;;;;;;;;;;;;;
GMAO MR;MAXIMO;besoin urgent;GROUPEMENT;Développement;DEV2;MCO 303;DEV2;#NOM?;303;Livré;26/09/2012;ISO PROD;DEV-PF1;SIMPLIFIE;0;;;;;;;;;;;;;;;;;;;;;;;;;;;;;;;;;;;;
GMAO MR;MAXIMO;besoin urgent;GROUPEMENT;Développement;DEV10;MCO 303;DLIVR;#NOM?;303;Livré;01/10/2012;ISO PROD;DEV-PF1;SIMPLIFIE;0;;;;;;;;;;;;;;;;;;;;;;;;;;;;;;;;;;;;
GMAO MR;MAXIMO;besoin urgent;GROUPEMENT;Développement;DEV11;MCO 303;DREF;#NOM?;303;Livré;01/10/2012;ISO PROD;DEV-PF1;SIMPLIFIE;0;;;;;;;;;;;;;;;;;;;;;;;;;;;;;;;;;;;;
GMAO MR;MAXIMO;besoin urgent;GROUPEMENT;Développement;DEV16;MCO 303;REF;#NOM?;303;Livré;09/10/2012;STANDARD;DEV-PF1;SIMPLIFIE;0;;;;;;;;;;;;;;;;;;;;;;;;;;;;;;;;;;;;
ORCHESTRAL;WPS/WTX;Dev/qualif des dév 303.1;GROUPEMENT;Développement;D-DEV2;;DEV3031;DEV3031;303;Désactivé;09/10/2012;ISO PROD;DEV-PF1;SIMPLIFIE;0;#NOM?;;;;;;;;;;;;;;;;;;;;;;;;;;;;;;;;;;;
GMAO MR;MAXIMO;besoin urgent;GROUPEMENT;Développement;DEV8;MCO 303;DEV3031;#NOM?;303;Livré;09/10/2012;ISO PROD;DEV-PF1;SIMPLIFIE;0;;;;;;;;;;;;;;;;;;;;;;;;;;;;;;;;;;;;
COHERENCE;MDM;PERMUTATION QUALIF3031 <-> REC3031;MOA;Qualification;COHDEV2;;QUALIF3031;QUALIF3031;303;Désactivé;17/10/2012;ISO PROD;DEV-PF1;SIMPLIFIE;0;;;;;;;;;;;;;;;;;;;;;;;;;;;;;;;;;;;;
ORCHESTRAL;WPS/WTX;Tests livraison MCO;GROUPEMENT;Développement;ORCHDEV2;Réal;DPCH;DPCH;303;Livré;17/10/2012;ISO PROD;DEV-PF1;AVANCE;0;#NOM?;;;;;;;;;;;;;;;;;;;;;;;;;;;;;;;;;;;
ORCHESTRAL;WPS/WTX;PERMUTATION QUALIF3031 <-> REC3031;MOA;Qualification;ORCHFIAB;;REC3031;REC3031;303;Désactivé;17/10/2012;ISO PROD;DEV-PF2;AVANCE;1;#NOM?;;;;;;;;;;;;;;;;;;;;;;;;;;;;;;;;;;;
GMAO MR;MAXIMO;;GROUPEMENT;Qualification;DEV4;;QUALIF3031;#NOM?;303;Livré;17/10/2012;ISO PROD;DEV-PF2;SIMPLIFIE;1;;;;;;;;;;;;;;;;;;;;;;;;;;;;;;;;;;;;
GMAO MR;MAXIMO;besoin urgent;GROUPEMENT;Développement;DEV14;MCO 303;DMIN;#NOM?;303;Livré;20/10/2012;ISO PROD;DEV-PF1;SIMPLIFIE;0;;;;;;;;;;;;;;;;;;;;;;;;;;;;;;;;;;;;
PANAM;JVIEWS/CPLEX;PERMUTATION QUALIF3031 <-> REC3031;GROUPEMENT;Recette;REC2;;REC3031 NB;RECNB;303;Livré;24/10/2012;ISO PROD;RECETTE;SIMPLIFIE;1;;;;;;;;;;;;;;;;;;;;;;;;;;;;;;;;;;;;
ORCHESTRAL;WPS/WTX;PERMUTATION QUALIF3031 <-> REC3031;GROUPEMENT;Recette;RECRDD303;MCO 303.1;QUALIF3031;QUALIF3031;303;Livré;24/10/2012;RECETTE;RECETTE;SIMPLIFIE;1;;;;;;;;;;;;;;;;;;;;;;;;;;;;;;;;;;;;
COHERENCE;MDM;PERMUTATION QUALIF3031 <-> REC3031;GROUPEMENT;Recette;COHDEV2;Recette MCO;REC3031;REC3031;303;Livré;24/10/2012;RECETTE;RECETTE;SIMPLIFIE;1;;;;;;;;;;;;;;;;;;;;;;;;;;;;;;;;;;;;
OSMOVISION;OSMOVISION;PERMUTATION QUALIF3031 <-> REC3031;GROUPEMENT;Recette;REC2;;REC303 NB;REC3031;303;Livré;24/10/2012;RECETTE;RECETTE;SIMPLIFIE;1;;;;;;;;;;;;;;;;;;;;;;;;;;;;;;;;;;;;
GMAO MR;MAXIMO;PERMUTATION QUALIF3031 <-> REC3031;GROUPEMENT;Recette;REC2;MCO 303.1;REC3031;REC3031;303;Livré;24/10/2012;RECETTE;RECETTE;SIMPLIFIE;1;;;;;;;;;;;;;;;;;;;;;;;;;;;;;;;;;;;;
COHERENCE;MDM;Compagnies COHPROD- COHINT;GROUPEMENT;Qualification;COHDEV3;Recette MCO;QUALIF303;QUALIF303;303;Livré;25/10/2012;ISO PROD;DEV-PF1;SIMPLIFIE;1;;;;;;;;;;;;;;;;;;;;;;;;;;;;;;;;;;;;
ORCHESTRAL;WPS/WTX;;MOA;Recette;RECMOA303;Recette multibrique 303;REC303;REC303;303;Livré;30/10/2012;ISO PROD;RECETTE;SIMPLIFIE;1;;;;;;;;;;;;;;;;;;;;;;;;;;;;;;;;;;;;
OSMOVISION;OSMOVISION;;MOA;Recette;REC4;Recette multibrique 303;REC303 NB;REC303;303;Livré;30/10/2012;RECETTE;RECETTE;SIMPLIFIE;1;;;;;;;;;;;;;;;;;;;;;;;;;;;;;;;;;;;;
GMAO MR;MAXIMO;;MOA;Recette;REC1;Recette multibrique 303;REC303;REC303;303;Livré;30/10/2012;ISO PROD;RECETTE;SIMPLIFIE;1;;;;;;;;;;;;;;;;;;;;;;;;;;;;;;;;;;;;
XOS;XOS;;GROUPEMENT;Qualification;QUAL303;;QUALIF303;QUALIF303;303;Livré;31/10/2012;RECETTE;RECETTE;SIMPLIFIE;1;;;;;;;;;;;;;;;;;;;;;;;;;;;;;;;;;;;;
XOS;XOS;;MOA;Qualification;QUAL3031;;QUALIF3031;QUALIF3031;303;Désactivé;31/10/2012;RECETTE;RECETTE;SIMPLIFIE;1;;;;;;;;;;;;;;;;;;;;;;;;;;;;;;;;;;;;
GMAO MR;MAXIMO;besoin urgent;GROUPEMENT;Qualification;DEV17;MCO 303-1;QUALIF303;#NOM?;303;Livré;12/11/2012;ISO PROD;DEV-PF3;AVANCE;1;;;;;;;;;;;;;;;;;;;;;;;;;;;;;;;;;;;;
GMAO MR;MAXIMO;MR Réf de dév ;GROUPEMENT;Développement;DEV25;Réal;DREF;#NOM?;310;Livré;19/11/2012;STANDARD;DEV-PF1;SIMPLIFIE;0;;;;;;;;;;;;;;;;;;;;;;;;;;;;;;;;;;;;
GMAO MR;MAXIMO;MR Paramétrage- dév IHM;GROUPEMENT;Développement;DEV27;Réal;DPARAM;#NOM?;310;Livré;19/11/2012;STANDARD;DEV-PF1;SIMPLIFIE;0;;;;;;;;;;;;;;;;;;;;;;;;;;;;;;;;;;;;
GMAO MR;MAXIMO;MR Dév Java;GROUPEMENT;Développement;DEV28;Réal;DJAVA;#NOM?;310;Livré;19/11/2012;STANDARD;DEV-PF1;SIMPLIFIE;0;;;;;;;;;;;;;;;;;;;;;;;;;;;;;;;;;;;;
SGRM;JRULES;Qualification/Recette 1B/3B;MOA;Recette;REC1;;REC310 1B/NB;RECETTE;310;Désactivé;26/11/2012;RECETTE;RECETTE;SIMPLIFIE (StandAlone);1;;;;;;;;;;;;;;;;;;;;;;;;;;;;;;;;;;;;
SGRM;JRULES;;DSI-T;Intégration;INT2;;INT310;INTEGRATION;310;Désactivé;26/11/2012;STANDARD;RECETTE;AVANCE (Cluster);0;;;;;;;;;;;;;;;;;;;;;;;;;;;;;;;;;;;;
COHERENCE;MDM;1 environnement pour 1 compagnies;DSI-T;Laboratoire;DEV4;;DEV4;LABO;303;Livré;16/12/2012;;;;0;;;;;;;;;;;;;;;;;;;;;;;;;;;;;;;;;;;;
SGRM;JRULES;;DSI-T;Performance;PERF;;PERF310;PERFORMANCE;310;Désactivé;21/12/2012;ISO PROD;ISO PROD;ISO PROD;1;;;;;;;;;;;;;;;;;;;;;;;;;;;;;;;;;;;;
GMAO MR;MAXIMO;Référentiel Editeur 310 MR avec one-off;GROUPEMENT;Développement;DEV20;Réal;REF;REF-MR;310;Livré;07/01/2013;ISO PROD;DEV-PF1;SIMPLIFIE;0;;;;;;;;;;;;;;;;;;;;;;;;;;;;;;;;;;;;
GMAO ORGANES;MAXIMO;ORG Prépa livraisons;GROUPEMENT;Développement;DEV22;;DLIVR;#NOM?;310;Désactivé;07/01/2013;STANDARD;DEV-PF1;SIMPLIFIE;0;;;;;;;;;;;;;;;;;;;;;;;;;;;;;;;;;;;;
GMAO ORGANES;MAXIMO;ORG Paramétrage- dév IHM;GROUPEMENT;Développement;DEV22;En attente de suppression;DPARAM;#NOM?;310;Livré;07/01/2013;STANDARD;DEV-PF1;SIMPLIFIE;0;;;;;;;;;;;;;;;;;;;;;;;;;;;;;;;;;;;;
GMAO ORGANES;MAXIMO;ORG Réf de dév ;GROUPEMENT;Développement;DEV29;;DREF;#NOM?;310;Désactivé;07/01/2013;STANDARD;DEV-PF1;SIMPLIFIE;0;;;;;;;;;;;;;;;;;;;;;;;;;;;;;;;;;;;;
GMAO MR;MAXIMO;MR Prépa livraisons;GROUPEMENT;Développement;DEV32;Global ;DLIVR;#NOM?;310;Livré;07/01/2013;STANDARD;DEV-PF1;SIMPLIFIE;0;;;;;;;;;;;;;;;;;;;;;;;;;;;;;;;;;;;;
COHERENCE;MDM;1 environnement pour 3 compagnies;GROUPEMENT;Développement;COHDEV6;Réal ;DEV310;DEV310;310;Livré;07/01/2013;ISO PROD;DEV-PF1;SIMPLIFIE;0;;;;;;;;;;;;;;;;;;;;;;;;;;;;;;;;;;;;
ORCHESTRAL;WPS/WTX;Tests unitaires mono-brique 310 et RDD 310;GROUPEMENT;Développement;DEV5;Int socle;INT310;INT310;310;Livré;07/01/2013;ISO PROD;DEV-PF1;SIMPLIFIE (StandAlone);0;#NOM?;;;;;;;;;;;;;;;;;;;;;;;;;;;;;;;;;;;
ORCHESTRAL;WPS/WTX;Tests intégration 3 composants mono-brique 310;GROUPEMENT;Développement;DEV6;Int Mono-Brique;INT3C310;INT3C310;310;Livré;07/01/2013;ISO PROD;DEV-PF1;SIMPLIFIE (StandAlone);0;#NOM?;;;;;;;;;;;;;;;;;;;;;;;;;;;;;;;;;;;
GMAO ORGANES;MAXIMO;ORG Dév Java;GROUPEMENT;Développement;DEV33;;DJAVA;#NOM?;310;Désactivé;07/01/2013;STANDARD;DEV-PF1;SIMPLIFIE;0;;;;;;;;;;;;;;;;;;;;;;;;;;;;;;;;;;;;
GMAO MR;SVN;;DSI-T;Outillage;SVN;;SVN arbo IBM\smp;SVN MBR;303;Livré;07/01/2013;;;;1;;;;;;;;;;;;;;;;;;;;;;;;;;;;;;;;;;;;
GMAO ORGANES;SVN;;DSI-T;Outillage;SVN-SNCF;;SVN GMAO ORGANES;SVN-ORG;310;Désactivé;07/01/2013;;;;1;;;;;;;;;;;;;;;;;;;;;;;;;;;;;;;;;;;;
PANAM;MC; Moteur de calcul supplementaire pour avoir un moteur de caclul par DEV ;GROUPEMENT;Développement;DEV1;;DEV3031;DEV303;303;Livré;14/01/2013;STANDARD;RECETTE;SIMPLIFIE;0;;;;;;;;;;;;;;;;;;;;;;;;;;;;;;;;;;;;
PANAM;JVIEWS/CPLEX;;MOA;Marche à blanc;MAB;MARCHE A BLANC 303;MAB3031;MARCHE A BLANC;303;Livré;21/01/2013;ISO PROD;ISO PROD;ISO PROD;1;;;;;;;;;;;;;;;;;;;;;;;;;;;;;;;;;;;;
GMAO MR;MAXIMO;Référentiel Editeur 310  sans one-off;GROUPEMENT;Développement;DEV12;Global ;REF;REF;310;Livré;11/02/2013;STANDARD;DEV-PF1;SIMPLIFIE;0;;;;;;;;;;;;;;;;;;;;;;;;;;;;;;;;;;;;
GMAO MR;MAXIMO;Tests des PMR éditeur;GROUPEMENT;Développement;DEV13;Global ;TEST;TESTPMR;303;Livré;11/02/2013;STANDARD;DEV-PF1;SIMPLIFIE;0;;;;;;;;;;;;;;;;;;;;;;;;;;;;;;;;;;;;
GMAO ORGANES;MAXIMO;Référentiel Editeur 310 ORG avec one-off;GROUPEMENT;Développement;DEV32;;REF;#NOM?;310;Désactivé;11/02/2013;STANDARD;DEV-PF1;SIMPLIFIE;0;;;;;;;;;;;;;;;;;;;;;;;;;;;;;;;;;;;;
GMAO MR;MAXIMO;UPGRADE Maximo ACM - Transportation source;GROUPEMENT;Développement;DEV6;Global ;UPGRADE;UPGRADE-SOURCE;310;Désactivé;11/02/2013;STANDARD;DEV-PF1;SIMPLIFIE;0;;;;;;;;;;;;;;;;;;;;;;;;;;;;;;;;;;;;
RDD;LIONNE;Copie d'une base de données LIONNE (seule serveur BD);GROUPEMENT;Développement;LIONNED;Collecte RDD;DEV310;DEV-LIONNE;310;Livré;15/02/2013;STANDARD;DEV-PF1;SIMPLIFIE (StandAlone);1;;;;;;;;;;;;;;;;;;;;;;;;;;;;;;;;;;;;
ORCHESTRAL;WPS/WTX;Bac à sable 310 (travail POC);GROUPEMENT;Développement;DEV7;Bac à sable;BAS310;BAS310;310;Livré;06/03/2013;ISO PROD;DEV-PF2;AVANCE (Cluster);0;#NOM?;;;;;;;;;;;;;;;;;;;;;;;;;;;;;;;;;;;
RDD;DATASTAGE;Piste d'optimisation : Existe déjà il me semble- mais pas tracé dans le fichier. Est-ce vraiment un environnement MOA?;MOA;Recette;A définir;Re7 traitement;RDD310;RDD310;310;Livré;15/03/2013;;;;1;;;;;;;;;;;;;;;;;;;;;;;;;;;;;;;;;;;;
RDD;ANTICHAMBRE;Piste d'optimisation : Existe déjà il me semble- mais pas tracé dans le fichier. Est-ce vraiment un environnement MOA?;MOA;Recette;A définir;Re7 traitement;RDD310;RDD310;310;Livré;15/03/2013;;;;1;;;;;;;;;;;;;;;;;;;;;;;;;;;;;;;;;;;;
ORCHESTRAL;WPS/WTX;Tests intégration RDD 310 ;GROUPEMENT;Qualification;DEV8;Qualif RDD;INTRDD / QUALIF310;QUALIFRDD310;310;Livré;18/03/2013;ISO PROD;DEV-PF2;AVANCE;1;#NOM?;;;;;;;;;;;;;;;;;;;;;;;;;;;;;;;;;;;
ORCHESTRAL;WPS/WTX;Tests intégration 3 composants multi-brique 310;GROUPEMENT;Qualification;DEV9;Int Multi-briques;QUALIF;QUALIF310;310;Livré;18/03/2013;ISO PROD;DEV-PF1;SIMPLIFIE (StandAlone);1;#NOM?;;;;;;;;;;;;;;;;;;;;;;;;;;;;;;;;;;;
GMAO MR;MAXIMO; Doit permettre le suivie et les tests des développements IHM 310 de la GMAO MR Cet environnement devra être une copie de l'environnement de développement MR de l'intégrateur (application et base de donnée) et devra être rafraichie toutes les 3 à 4 semaines (cycle de livraison des EAR de développement du GRPT) ;MOA;Point de visibilité;REC8;POINT DE VISIBILITE;A définir;POINT DE VISIBILITE;310;Livré;22/03/2013;STANDARD;DEV-PF1;SIMPLIFIE (StandAlone);0;;;;;;;;;;;;;;;;;;;;;;;;;;;;;;;;;;;;
GMAO ORGANES;MAXIMO; Doit permettre le suivie et les tests des développements IHM 310 de la GMAO ORGANE Cet environnement devra être une copie de l'environnement de développement ORGANE de l'intégrateur (application et base de donnée) et devra être rafraichie toutes les 3 à 4 semaines (cycle de livraison des EAR de développement du GRPT) ;MOA;Point de visibilité;REC3;POINT DE VISIBILITE;A définir;POINT DE VISIBILITE;310;Désactivé;22/03/2013;STANDARD;DEV-PF1;SIMPLIFIE (StandAlone);0;;;;;;;;;;;;;;;;;;;;;;;;;;;;;;;;;;;;
COHERENCE;MDM;Tests d'integration RDD- puis 3 B;GROUPEMENT;Qualification;COHDEV7 (renommage);Int RDD;INTRDD / QUALIF310;INT3B310;310;Livré;28/03/2013;FIN303;DEV-PF1;SIMPLIFIE;1;;;;;;;;;;;;;;;;;;;;;;;;;;;;;;;;;;;;
SGRM;JRULES;Serveur de type RES- tests d'intégration- seul envir. SGRM pour GRPT;GROUPEMENT;Intégration;DEV2;Int 3 briques;INT310;INT310;310;Désactivé;05/04/2013;FIN303;ISO PROD;ISO PROD;1;;;;;;;;;;;;;;;;;;;;;;;;;;;;;;;;;;;;
COHERENCE;MDM;Tests U 310 (MAJ pour 310 d'un envir. 303) 1 environnement pour 2 compagnies;GROUPEMENT;Développement;COHDEV8;Int Mono-Brique 310;INTMONO;MONO310;310;Livré;19/04/2013;FIN303;DEV-PF1;SIMPLIFIE;0;;;;;;;;;;;;;;;;;;;;;;;;;;;;;;;;;;;;
SGRM;JRULES;Marche à blanc;MOA;Marche à blanc;MAB;;MAB310;MARCHE A BLANC;310;Désactivé;22/04/2013;ISO PROD;ISO PROD;ISO PROD;1;;;;;;;;;;;;;;;;;;;;;;;;;;;;;;;;;;;;
GMAO MR;MAXIMO;MR Tests integr / RDD ;GROUPEMENT;Développement;DEV3;Int RDD;INTRDD;#NOM?;310;Livré;26/04/2013;FIN303;DEV-PF2;SIMPLIFIE (StandAlone);1;;;;;;;;;;;;;;;;;;;;;;;;;;;;;;;;;;;;
GMAO MR;MAXIMO;Tests de montée de version ;GROUPEMENT;Développement;DEV6;Global ;TESTVER;TESTVER;310;Livré;05/05/2013;STANDARD;DEV-PF1;SIMPLIFIE (StandAlone);0;;;;;;;;;;;;;;;;;;;;;;;;;;;;;;;;;;;;
ORCHESTRAL;WPS/WTX;Tests de livraison 310;GROUPEMENT;Qualification;ORCHDEV10;Global;LIVR310;LIVR310;310;Livré;06/05/2013;FIN303;DEV-PF2;AVANCE (Cluster);0;#NOM?;;;;;;;;;;;;;;;;;;;;;;;;;;;;;;;;;;;
GMAO MR;MAXIMO;VM Maximo avec WAS 6.1.0.43 - Oracle 11.2.0.3.4 - Patch AMD;GROUPEMENT;Développement;VM;Global ;VM;#NOM?;310;Livré;15/05/2013;STANDARD;DEV-PF1;SIMPLIFIE;0;;;;;;;;;;;;;;;;;;;;;;;;;;;;;;;;;;;;
PANAM;JVIEWS/CPLEX;Utilisé pour le Pilote à partir du 28/05- production à partir du 11/07;DSI-T;Production;PROD;;PROD3031;PRODUCTION;303;Livré;27/05/2013;ISO PROD;ISO PROD;ISO PROD;1;;;;;;;;;;;;;;;;;;;;;;;;;;;;;;;;;;;;
PANAM;JVIEWS/CPLEX;;MOA;Copie de production;REC3;COPIE DE PRODUCTION;COPI3031;COPIE DE PRODUCTION;303;Livré;01/06/2013;ISO PROD;RECETTE;SIMPLIFIE;0;;;;;;;;;;;;;;;;;;;;;;;;;;;;;;;;;;;;
RDD;SSIS;Piste d'optimisation : Faire évoluer le SSIS RDD 303 de recette 303;MOA;Recette;A définir;Re7 traitement;RDD310;RDD310;310;Livré;21/06/2013;;;;1;;;;;;;;;;;;;;;;;;;;;;;;;;;;;;;;;;;;
RDD-PMS;SSIS;Piste d'optimisation : Faire évoluer le SSIS RDD-PMS 303 de recette 303. Ne devrait pas évoluer en 310;MOA;Recette;A définir;Re7 traitement;RDD310;RDD310;310;Livré;21/06/2013;;;;1;;;;;;;;;;;;;;;;;;;;;;;;;;;;;;;;;;;;
COHERENCE;MDM;;MOA;Recette;REC10;Recette Monobrique 310;REC310 1B;REC1B;310;Livré;21/06/2013;;;;0;;;;;;;;;;;;;;;;;;;;;;;;;;;;;;;;;;;;
GMAO MR;MAXIMO;MR Tests fonctionnels IHM- tests unitaires des interfaces;GROUPEMENT;Développement;DEV5;Int Mono-brique;INTIHM;#NOM?;310;Livré;15/07/2013;FIN303;DEV-PF3;AVANCE (Cluster);0;;;;;;;;;;;;;;;;;;;;;;;;;;;;;;;;;;;;
GMAO MR;MAXIMO;MR Tests flux transverses N briques;GROUPEMENT;Qualification;DEV9;Int Multi-briques;QUALIF310;#NOM?;310;Livré;15/07/2013;FIN303;DEV-PF2;SIMPLIFIE (StandAlone);1;;;;;;;;;;;;;;;;;;;;;;;;;;;;;;;;;;;;
ORCHESTRAL;WPS/WTX;Tests de Perf 310 (MAJ pour 310 d'un envir. 303 déjà existant );GROUPEMENT;Performance;ORCHPERF;Performance;PERF;PERF;310;Validé;05/08/2013;MEP310+2;ISO PROD;ISO PROD;1;;;;;;;;;;;;;;;;;;;;;;;;;;;;;;;;;;;;
GMAO MR;MAXIMO;Tests de Perf 310 (MAJ pour 310 d'un envir. 303 déjà existant );GROUPEMENT;Performance;PERF;Performance;PERF;PERF_MR;310;A valider;05/08/2013;MEP310+2;ISO PROD;ISO PROD;1;;;;;;;;;;;;;;;;;;;;;;;;;;;;;;;;;;;;
ORCHESTRAL;WPS/WTX;La MOA ORCHESTRAL souhaiterais avoir l'environnement 1 à 2 semaine en avance afin de pré-recetter les flux RDD en monobrique;MOA;Recette;A définir;Re7 traitement;RDD310;RDD310;310;Invalidé;26/08/2013;;;;1;;;;;;;;;;;;;;;;;;;;;;;;;;;;;;;;;;;;
GMAO ORGANES;MAXIMO;;MOA;Recette;A définir;;RDD310;RDD310;310;Invalidé;01/09/2013;;;;1;;;;;;;;;;;;;;;;;;;;;;;;;;;;;;;;;;;;
GMAO ORGANES;MAXIMO; Formations - 310 - Campus SI présentiel Prévoir un grand nombre de JDD Si le serveur tombe- exigence de le relancer en moins de 10 minutes ;MOA;Formation;A définir;;CAMPUS SI 310;CAMPUS SI 310;310;Invalidé;01/09/2013;;;;0;;;;;;;;;;;;;;;;;;;;;;;;;;;;;;;;;;;;
GMAO ORGANES;MAXIMO; Formations - 310 - Démultiplications locales Restauration de JDD fréquent Doit pouvoir supporter 192 utilisateurs en simultané (384 max en théorie) Si le serveur tombe- exigence de le relancer en moins de 10 minutes ;MOA;Formation;A définir;;DEMULTIPLICATION LOCALE 310;DEMULTIPLICATION LOCALE 310;310;Invalidé;01/09/2013;;;;0;;;;;;;;;;;;;;;;;;;;;;;;;;;;;;;;;;;;
GMAO ORGANES;MAXIMO;Formations - 310 - e-learning / guide utilisateur;MOA;Formation;A définir;;E-LEARNING 310;E-LEARNING 310;310;Invalidé;01/09/2013;;;;0;;;;;;;;;;;;;;;;;;;;;;;;;;;;;;;;;;;;
GMAO ORGANES;MAXIMO; Formations - 310 - Technicampus présentiel Restauration de JDD fréquent Si le serveur tombe- exigence de le relancer en moins de 10 minutes Prévoir un grand nombre de JDD ;MOA;Formation;A définir;;TECHNICAMPUS 310;TECHNICAMPUS 310;310;Invalidé;01/09/2013;;;;0;;;;;;;;;;;;;;;;;;;;;;;;;;;;;;;;;;;;
SGRM;JRULES;Production;DSI-T;Production;PROD;;PROD310;PRODUCTION;310;Désactivé;01/09/2013;ISO PROD;ISO PROD;ISO PROD;1;;;;;;;;;;;;;;;;;;;;;;;;;;;;;;;;;;;;
GMAO MR;MAXIMO; Formations - 310 - Technicampus présentiel Restauration de JDD fréquent Si le serveur tombe- exigence de le relancer en moins de 10 minutes Prévoir un grand nombre de JDD Piste d'optimisation : Faire évoluer FORM2 ;MOA;Formation;A définir;;TECHNICAMPUS 310;TECHNICAMPUS 310;310;Invalidé;02/09/2013;;;;0;;;;;;;;;;;;;;;;;;;;;;;;;;;;;;;;;;;;
SGRM;JRULES; Formations - 310 - Campus SI présentiel Prévoir un grand nombre de JDD Si le serveur tombe- exigence de le relancer en moins de 10 minutes ;MOA;Formation;A définir;;CAMPUS SI 310;CAMPUS SI 310;310;Invalidé;02/09/2013;;;;0;;;;;;;;;;;;;;;;;;;;;;;;;;;;;;;;;;;;
SGRM;JRULES;Formations - 310 - e-learning / guide utilisateur;MOA;Formation;A définir;;E-LEARNING 310;E-LEARNING 310;310;Invalidé;02/09/2013;;;;0;;;;;;;;;;;;;;;;;;;;;;;;;;;;;;;;;;;;
PANAM;JVIEWS/CPLEX; Formations - Technicampus présentiel Si le serveur tombe- exigence de le relancer en moins de 10 minutes Piste d'optimisation : Faire évoluer le serveur de formation PANAM 303 FOR1 Pas de PANAM 310. Rien à faire a part garder l'environnement fonctionnel ;MOA;Formation;A définir;;TECHNICAMPUS;TECHNICAMPUS;303;Invalidé;02/09/2013;;;;0;;;;;;;;;;;;;;;;;;;;;;;;;;;;;;;;;;;;
COHERENCE;MDM; Formations - 310 - Technicampus présentiel Restauration de JDD fréquent Si le serveur tombe- exigence de le relancer en moins de 10 minutes ;MOA;Formation;A définir;;TECHNICAMPUS 310;TECHNICAMPUS 310;310;Invalidé;02/09/2013;;;;0;;;;;;;;;;;;;;;;;;;;;;;;;;;;;;;;;;;;
SGRM;JRULES; Formations - 310 - Technicampus présentiel A voir si c'est risqué de réutiliser l'environnement de recette Si le serveur tombe- exigence de le relancer en moins de 10 minutes Prévoir un grand nombre de JDD ;MOA;Formation;A définir;;TECHNICAMPUS 310;TECHNICAMPUS 310;310;Invalidé;02/09/2013;;;;0;;;;;;;;;;;;;;;;;;;;;;;;;;;;;;;;;;;;
OSMOVISION;OSMOVISION;;MOA;Recette;REC13;Re7 traitement;RDD310;RDD310;310;Validé;09/09/2013;;;;1;;;;;;;;;;;;;;;;;;;;;;;;;;;;;;;;;;;;
COHERENCE;MDM;;MOA;Recette;A définir;Re7 traitement;RDD310;RDD310;310;Invalidé;09/09/2013;;;;1;;;;;;;;;;;;;;;;;;;;;;;;;;;;;;;;;;;;
XOS;XOS;;MOA;Recette;A définir;Re7 traitement;RDD310;RDD310;310;Validé;09/09/2013;;;;1;;;;;;;;;;;;;;;;;;;;;;;;;;;;;;;;;;;;
GMAO MR;MAXIMO;;MOA;Recette;REC13;Re7 traitement;RDD310;RDD310;310;Validé;09/09/2013;;;;1;;;;;;;;;;;;;;;;;;;;;;;;;;;;;;;;;;;;
ORCHESTRAL;WPS/WTX;;MOA;Recette;REC11;Re7 Plan de Reprise;RDD310_2;RDD310_2;310;Livré;09/09/2013;;;;1;;;;;;;;;;;;;;;;;;;;;;;;;;;;;;;;;;;;
XOS;XOS;Support Ordo Recette RDD 310 sur Intégration RDD;GROUPEMENT;Qualification;A définir;Int RDD;INTRDD / QUALIF310;QUALIFRDD310;310;A valider;20/09/2013;;;;1;;;;;;;;;;;;;;;;;;;;;;;;;;;;;;;;;;;;
GMAO MR;MAXIMO;;MOA;Recette;REC11;Re7 Plan de Reprise;RDD310_2;RDD310_2;310;A valider;23/09/2013;;;;1;;;;;;;;;;;;;;;;;;;;;;;;;;;;;;;;;;;;
RDD;DATASTAGE;NTS : Même si nous pourrons partager le serveur physique pour les 2 lignes de recette RDD- il faut néanmoins un schéma Oracle de travail dédié;MOA;Recette;A définir;Re7 Plan de Reprise;RDD310_2;RDD310_2;310;A valider;23/09/2013;;;;1;;;;;;;;;;;;;;;;;;;;;;;;;;;;;;;;;;;;
COHERENCE;MDM;;MOA;Recette;REC11;Re7 Plan de Reprise;RDD310_2;RDD310_2;310;Livré;23/09/2013;;;;1;;;;;;;;;;;;;;;;;;;;;;;;;;;;;;;;;;;;
OSMOVISION;OSMOVISION;;MOA;Recette;REC11;Re7 Plan de Reprise;RDD310_2;RDD310_2;310;A valider;23/09/2013;;;;1;;;;;;;;;;;;;;;;;;;;;;;;;;;;;;;;;;;;
XOS;XOS;;MOA;Recette;REC11;Re7 Plan de Reprise;RDD310_2;RDD310_2;310;Livré;23/09/2013;;;;1;;;;;;;;;;;;;;;;;;;;;;;;;;;;;;;;;;;;
GMAO ORGANES;MAXIMO;;MOA;Recette;A définir;;REC310 1B;REC1B;310;Invalidé;01/11/2013;;;;0;;;;;;;;;;;;;;;;;;;;;;;;;;;;;;;;;;;;
GMAO ORGANES;MAXIMO;;MOA;Recette;A définir;;REC310 NB;REC310 NB;310;Invalidé;01/11/2013;;;;1;;;;;;;;;;;;;;;;;;;;;;;;;;;;;;;;;;;;
RDD;SSIS;Piste d'optimisation : Faire évoluer le SSIS RDD 303 de recette 303;MOA;Recette;A définir;Re7 Plan de Reprise;RDD310_2;RDD310_2;310;A valider;23/09/2013;;;;1;;;;;;;;;;;;;;;;;;;;;;;;;;;;;;;;;;;;
RDD-PMS;SSIS;Piste d'optimisation : Faire évoluer le SSIS RDD-PMS 303 de recette 303. Ne devrait pas évoluer en 310;MOA;Recette;A définir;Re7 Plan de Reprise;RDD310_2;RDD310_2;310;A valider;23/09/2013;;;;1;;;;;;;;;;;;;;;;;;;;;;;;;;;;;;;;;;;;
GMAO MR;MAXIMO;MR Fiabilisations;GROUPEMENT;Fiabilisation;A définir;Reprise à blanc;FIAB;#NOM?;310;A valider;01/11/2013;MEP310;DEV-PF3;ISO PROD;1;;;;;;;;;;;;;;;;;;;;;;;;;;;;;;;;;;;;
GMAO MR;MAXIMO;Tests de Performance RDD;GROUPEMENT;Développement;A définir;Per RDD;INTRDD;INTRDD-PERF;310;A valider;01/11/2013;STANDARD;DEV-PF2;SIMPLIFIE (StandAlone);1;;;;;;;;;;;;;;;;;;;;;;;;;;;;;;;;;;;;
COHERENCE;MDM;Fiabilisation 310. Sera utilisé pour le démarrage de tests d'intégration multi-briques;GROUPEMENT;Fiabilisation;COHFIAB;Reprise à blanc;FIAB;FIAB;310;A valider;09/09/2013;MEP310;DEV-PF1;SIMPLIFIE;1;;;;;;;;;;;;;;;;;;;;;;;;;;;;;;;;;;;;
ORCHESTRAL;WPS/WTX;Fiabilisation 310 (MAJ pour 310 d'un envir. 303 déjà existant) ;GROUPEMENT;Fiabilisation;FIAB;Reprise à blanc;FIAB;FIAB;310;A valider;01/11/2013;MEP310;DEV-PF1;AVANCE (Cluster);1;#NOM?;;;;;;;;;;;;;;;;;;;;;;;;;;;;;;;;;;;
GMAO MR;MAXIMO; Formations - 310 - e-learning / guide utilisateur Piste d'optimisation : Faire évoluer l'e-learning 303 (FORM4) ;MOA;Formation;A définir;E-LEARNING;E-LEARNING 310;E-LEARNING 310;310;A valider;11/11/2013;;;;0;;;;;;;;;;;;;;;;;;;;;;;;;;;;;;;;;;;;
PANAM;JVIEWS/CPLEX;Formations - e-learning / guide utilisateur;MOA;Formation;A définir;E-LEARNING;E-LEARNING;E-LEARNING;303;A valider;11/11/2013;;;;0;;;;;;;;;;;;;;;;;;;;;;;;;;;;;;;;;;;;
COHERENCE;MDM;Formations - 310 - e-learning / guide utilisateur;MOA;Formation;A définir;E-LEARNING;E-LEARNING 310;E-LEARNING 310;310;A valider;11/11/2013;;;;0;;;;;;;;;;;;;;;;;;;;;;;;;;;;;;;;;;;;
PUMA;; Formations - 310 - e-learning / guide utilisateur Voir si on ne peut pas utiliser un autre environnement (PROD ; MAB ; Recette ; ...) pour ce besoin ??? ;MOA;Formation;A définir;E-LEARNING;E-LEARNING 310;E-LEARNING 310;310;A valider;11/11/2013;;;;0;;;;;;;;;;;;;;;;;;;;;;;;;;;;;;;;;;;;
SI ESSIEUX;;;MOA;Formation;A définir;E-LEARNING;E-LEARNING 310;E-LEARNING 310;310;A valider;11/11/2013;;;;0;;;;;;;;;;;;;;;;;;;;;;;;;;;;;;;;;;;;
XOS;XOS;Intégration Exploitation (Ordo+OSMOV) Multi-Briques 310;GROUPEMENT;Qualification;A définir;Int Multi-briques;QUALIF310;QUALIF310;310;A valider;18/11/2013;;;;1;;;;;;;;;;;;;;;;;;;;;;;;;;;;;;;;;;;;
ORCHESTRAL;WPS/WTX;;MOA;Recette;REC10;Recette Monobrique 310;REC310 1B;REC1B;310;A valider;25/11/2013;;;;0;;;;;;;;;;;;;;;;;;;;;;;;;;;;;;;;;;;;
GMAO MR;MAXIMO;;MOA;Recette;REC10;Recette Monobrique 310;REC310 1B;REC1B;310;A valider;25/11/2013;;;;0;;;;;;;;;;;;;;;;;;;;;;;;;;;;;;;;;;;;
PANAM;JVIEWS/CPLEX;PANAM branché à la ligne 310 de recette n brique;MOA;Recette;A définir;Recette multi-briques 310;REC310 NB;REC310 NB;303;A valider;25/11/2013;;;;1;;;;;;;;;;;;;;;;;;;;;;;;;;;;;;;;;;;;
COHERENCE;MDM;;MOA;Recette;REC12;Recette multi-briques 310;REC310 NB;REC310 NB;310;A valider;25/11/2013;;;;1;;;;;;;;;;;;;;;;;;;;;;;;;;;;;;;;;;;;
ORCHESTRAL;WPS/WTX;;MOA;Recette;REC12;Recette multi-briques 310;REC310 NB;REC310 NB;310;A valider;25/11/2013;;;;1;;;;;;;;;;;;;;;;;;;;;;;;;;;;;;;;;;;;
OSMOVISION;OSMOVISION;Piste d'optimisation : Utiliser l'OSMOVISION REC3 qui n'est pas affecté;MOA;Recette;REC12;Recette multi-briques 310;REC310 NB;REC310 NB;310;A valider;25/11/2013;;;;1;;;;;;;;;;;;;;;;;;;;;;;;;;;;;;;;;;;;
XOS;XOS;;MOA;Recette;A définir;Recette multi-briques 310;REC310 NB;REC310 NB;310;A valider;25/11/2013;;;;1;;;;;;;;;;;;;;;;;;;;;;;;;;;;;;;;;;;;
GMAO MR;MAXIMO;;MOA;Recette;REC12;Recette multi-briques 310;REC310 NB;REC310 NB;310;A valider;25/11/2013;;;;1;;;;;;;;;;;;;;;;;;;;;;;;;;;;;;;;;;;;
GMAO MR;MAXIMO; Formations - 310 - Campus SI présentiel Prévoir un grand nombre de JDD Si le serveur tombe- exigence de le relancer en moins de 10 minutes ;MOA;Formation;A définir;CAMPUS SI SALLE 1;CAMPUS SI 310 S1;CAMPUS SI 310;310;A valider;30/12/2013;;;;0;;;;;;;;;;;;;;;;;;;;;;;;;;;;;;;;;;;;
GMAO MR;MAXIMO; Formations - 310 - Démultiplications locales Restauration de JDD fréquent Doit pouvoir supporter 192 utilisateurs en simultané (384 max en théorie) Si le serveur tombe- exigence de le relancer en moins de 10 minutes Piste d'optimisation : Faire évoluer FORM2 ;MOA;Formation;A définir;DEMULTIPLICATION LOCALE;DEMULTIPLICATION LOCALE 310;DEMULTIPLICATION LOCALE 310;310;A valider;30/12/2013;;;;0;;;;;;;;;;;;;;;;;;;;;;;;;;;;;;;;;;;;
COHERENCE;MDM; Formations - 310 - Campus SI présentiel Prévoir un grand nombre de JDD Si le serveur tombe- exigence de le relancer en moins de 10 minutes ;MOA;Formation;A définir;CAMPUS SI SALLE 1;CAMPUS SI 310 S1;CAMPUS SI 310;310;A valider;30/12/2013;;;;0;;;;;;;;;;;;;;;;;;;;;;;;;;;;;;;;;;;;
PANAM;JVIEWS/CPLEX; Formations - Démultiplications locales Restauration de JDD fréquent Prévoir un grand nombre de JDD Si le serveur tombe- exigence de le relancer en moins de 10 minutes Piste d'optimisation : Faire évoluer FOR1 ;MOA;Formation;A définir;DEMULTIPLICATION LOCALE;DEMULTIPLICATION LOCALE;DEMULTIPLICATION LOCALE;303;A valider;30/12/2013;;;;0;;;;;;;;;;;;;;;;;;;;;;;;;;;;;;;;;;;;
GMAO MR;MAXIMO; Formations - 310 - Campus SI présentiel Prévoir un grand nombre de JDD Si le serveur tombe- exigence de le relancer en moins de 10 minutes ;MOA;Formation;A définir;CAMPUS SI SALLE 2;CAMPUS SI 310 S2;CAMPUS SI 310;310;A valider;30/12/2013;;;;0;;;;;;;;;;;;;;;;;;;;;;;;;;;;;;;;;;;;
GMAO ORGANES;MAXIMO;;MOA;Formation;A définir;;BAC A SABLE 310;BAC A SABLE 310;310;Invalidé;01/01/2014;;;;0;;;;;;;;;;;;;;;;;;;;;;;;;;;;;;;;;;;;
PANAM;JVIEWS/CPLEX; Piste d'optimisation : Faire évoluer le bac à sable PANAM 303 (Pas de PANAM 310) Invalidé car le bac à sable 303 existe déjà  dans le fichier et qu'il n'y a pas d'évolution de PANAM en 310 ;MOA;Formation;A définir;;BAC A SABLE;BAC A SABLE;303;Invalidé;01/01/2014;;;;0;;;;;;;;;;;;;;;;;;;;;;;;;;;;;;;;;;;;
GMAO ORGANES;MAXIMO;;MOA;Marche à blanc;A définir;;MAB310;MARCHE A BLANC;310;Invalidé;15/01/2014;;;;1;;;;;;;;;;;;;;;;;;;;;;;;;;;;;;;;;;;;
COHERENCE;MDM; Formations - 310 - Campus SI présentiel Prévoir un grand nombre de JDD Si le serveur tombe- exigence de le relancer en moins de 10 minutes ;MOA;Formation;A définir;CAMPUS SI SALLE 2;CAMPUS SI 310 S2;CAMPUS SI 310;310;A valider;30/12/2013;;;;0;;;;;;;;;;;;;;;;;;;;;;;;;;;;;;;;;;;;
SI ESSIEUX;;;MOA;Formation;A définir;CAMPUS SI SALLE 1;CAMPUS SI 310 S1;CAMPUS SI 310;310;A valider;30/12/2013;;;;0;;;;;;;;;;;;;;;;;;;;;;;;;;;;;;;;;;;;
SI ESSIEUX;;;MOA;Formation;A définir;CAMPUS SI SALLE 2;CAMPUS SI 310 S2;CAMPUS SI 310;310;A valider;30/12/2013;;;;0;;;;;;;;;;;;;;;;;;;;;;;;;;;;;;;;;;;;
SI ESSIEUX;;;MOA;Formation;A définir;DEMULTIPLICATION LOCALE;DEMULTIPLICATION LOCALE 310;DEMULTIPLICATION LOCALE 310;310;A valider;30/12/2013;;;;0;;;;;;;;;;;;;;;;;;;;;;;;;;;;;;;;;;;;
GMAO MR;MAXIMO;Piste d'optimisation : Faire évoluer le bac à sable GMAO MR 303;MOA;Formation;A définir;BAC A SABLE;BAC A SABLE 310;BAC A SABLE 310;310;A valider;17/03/2014;;;;0;;;;;;;;;;;;;;;;;;;;;;;;;;;;;;;;;;;;
COHERENCE;MDM;Piste d'optimisation : Faire évoluer le bac à sable cohérence 303;MOA;Formation;A définir;BAC A SABLE;BAC A SABLE 310;BAC A SABLE 310;310;A valider;17/03/2014;;;;0;;;;;;;;;;;;;;;;;;;;;;;;;;;;;;;;;;;;
SI ESSIEUX;;;MOA;Formation;A définir;BAC A SABLE;BAC A SABLE 310;BAC A SABLE 310;310;A valider;17/03/2014;;;;0;;;;;;;;;;;;;;;;;;;;;;;;;;;;;;;;;;;;
GMAO MR;MAXIMO;;MOA;Marche à blanc;A définir;MARCHE A BLANC 310;MAB310;MARCHE A BLANC;310;A valider;24/03/2014;;;;1;;;;;;;;;;;;;;;;;;;;;;;;;;;;;;;;;;;;
COHERENCE;MDM;;MOA;Marche à blanc;A définir;MARCHE A BLANC 310;MAB310;MARCHE A BLANC;310;A valider;24/03/2014;;;;1;;;;;;;;;;;;;;;;;;;;;;;;;;;;;;;;;;;;
ORCHESTRAL;WPS/WTX;;MOA;Marche à blanc;A définir;MARCHE A BLANC 310;MAB310;MARCHE A BLANC;310;A valider;24/03/2014;;;;1;;;;;;;;;;;;;;;;;;;;;;;;;;;;;;;;;;;;
OSMOVISION;OSMOVISION;;MOA;Marche à blanc;A définir;MARCHE A BLANC 310;MAB310;MARCHE A BLANC;310;A valider;24/03/2014;;;;1;;;;;;;;;;;;;;;;;;;;;;;;;;;;;;;;;;;;
GMAO MR;MAXIMO;;DSI-T;Performance;COHPERF;;CG1;CG1;302;Désactivé;A définir;;;;0;;;;;;;;;;;;;;;;;;;;;;;;;;;;;;;;;;;;
GMAO MR;MAXIMO;;GROUPEMENT;Développement;DEV13;;D-RPD;D-RPD;303;Désactivé;A définir;;;;0;;;;;;;;;;;;;;;;;;;;;;;;;;;;;;;;;;;;
GMAO MR;MAXIMO;;GROUPEMENT;Développement;DEV14;;TST-RDD;TST-RDD;303;Désactivé;A définir;;;;0;;;;;;;;;;;;;;;;;;;;;;;;;;;;;;;;;;;;
GMAO MR;MAXIMO;;GROUPEMENT;Développement;DEV16;;D-REF;D-REF;303;Désactivé;A définir;;;;0;;;;;;;;;;;;;;;;;;;;;;;;;;;;;;;;;;;;
GMAO MR;MAXIMO;CD 310 MR : maquettage (transferré depuis D-IH4);GROUPEMENT;Développement;DEV18;Concept. Dét.;DMAQ;#NOM?;310;Livré;A définir;ISO PROD;DEV-PF1;SIMPLIFIE;0;;;;;;;;;;;;;;;;;;;;;;;;;;;;;;;;;;;;
GMAO MR;MAXIMO;CD 310 MR;GROUPEMENT;Développement;DEV19;Concept. Dét.;DATL;#NOM?;310;Livré;A définir;ISO PROD;DEV-PF1;SIMPLIFIE;0;;;;;;;;;;;;;;;;;;;;;;;;;;;;;;;;;;;;
GMAO ORGANES;MAXIMO;CD 310 Organes;GROUPEMENT;Développement;DEV23;;DATL;#NOM?;310;Désactivé;A définir;STANDARD;DEV-PF1;SIMPLIFIE;0;;;;;;;;;;;;;;;;;;;;;;;;;;;;;;;;;;;;
GMAO MR;MAXIMO; Tests PERF- POC Puissance DB demandée : 6-6 CPU capés ou le max capés possible ;GROUPEMENT;Qualification;DEV24;Bac à sable;FIAB;FIAB;303;Livré;A définir;ISO PROD;DEV-PF3;SIMPLIFIE (StandAlone);1;;;;;;;;;;;;;;;;;;;;;;;;;;;;;;;;;;;;
GMAO MR;MAXIMO;Fiabilisation - ligne B;GROUPEMENT;Fiabilisation;DEV25;;FIAB-B;FIAB-B;303;Désactivé;A définir;;;;1;;;;;;;;;;;;;;;;;;;;;;;;;;;;;;;;;;;;
GMAO MR;MAXIMO;;GROUPEMENT;Développement;DEV3;;TST-IHM-MCO;TST-IHM-MCO;302;Désactivé;A définir;;;;1;;;;;;;;;;;;;;;;;;;;;;;;;;;;;;;;;;;;
GMAO MR;MAXIMO;303 - Copie base client pour test;GROUPEMENT;Développement;DEV4;;D-IH6;D-IH6;303;Désactivé;A définir;;;;0;;;;;;;;;;;;;;;;;;;;;;;;;;;;;;;;;;;;
GMAO MR;MAXIMO;;GROUPEMENT;Développement;DEV4;;D-INT;D-INT;303;Désactivé;A définir;;;;0;;;;;;;;;;;;;;;;;;;;;;;;;;;;;;;;;;;;
GMAO MR;MAXIMO;;GROUPEMENT;Développement;DEV5;;DEV-IHM-MCO;DEV-IHM-MCO;302;Désactivé;A définir;;;;0;;;;;;;;;;;;;;;;;;;;;;;;;;;;;;;;;;;;
GMAO MR;MAXIMO;;GROUPEMENT;Développement;DEV6;;TST-FLX;TST-FLX;303;Désactivé;A définir;;;;1;;;;;;;;;;;;;;;;;;;;;;;;;;;;;;;;;;;;
GMAO MR;MAXIMO;;GROUPEMENT;Développement;DEV7;;TST-FLX-MCO;TST-FLX-MCO;302;Désactivé;A définir;;;;1;;;;;;;;;;;;;;;;;;;;;;;;;;;;;;;;;;;;
GMAO MR;MAXIMO;;GROUPEMENT;Développement;DEV9;;MCO-INT;MCO-INT;302;Désactivé;A définir;;;;0;;;;;;;;;;;;;;;;;;;;;;;;;;;;;;;;;;;;
GMAO MR;MAXIMO;;DSI-T;Intégration;INT2;;INT303;INTEGRATION;303;Livré;A définir;;;;1;;;;;;;;;;;;;;;;;;;;;;;;;;;;;;;;;;;;
GMAO MR;MAXIMO;;DSI-T;Intégration;INTEG1;;INTEGRATION;INTEGRATION;302;Désactivé;A définir;;;;0;;;;;;;;;;;;;;;;;;;;;;;;;;;;;;;;;;;;
GMAO MR;MAXIMO;;DSI-T;Performance;PERF;;PERF;PERF;302;Désactivé;A définir;;;;1;;;;;;;;;;;;;;;;;;;;;;;;;;;;;;;;;;;;
GMAO MR;MAXIMO;;DSI-T;Performance;PERF303;;PERF303;PERFORMANCE;303;Livré;A définir;ISO PROD;ISO PROD;ISO PROD;1;;;;;;;;;;;;;;;;;;;;;;;;;;;;;;;;;;;;
ORCHESTRAL;WPS/WTX;;DSI-T;Pilote;PROD303;;PILOTE GENERALISE;PILOTE GENERALISE;303;Désactivé;A définir;;;;1;;;;;;;;;;;;;;;;;;;;;;;;;;;;;;;;;;;;
ORCHESTRAL;WPS/WTX;;MOA;Marche à blanc;ORCHMAB;;MAB;MAB;302;Désactivé;A définir;;;;1;;;;;;;;;;;;;;;;;;;;;;;;;;;;;;;;;;;;
COHERENCE;MDM;;DSI-T;Pré-production;PREPROD;;PREPROD;PREPROD;303;Désactivé;A définir;;;;1;;;;;;;;;;;;;;;;;;;;;;;;;;;;;;;;;;;;
ORCHESTRAL;WPS/WTX;;DSI-T;Pré-production;PREPROD;;PREPROD;PREPROD;303;Désactivé;A définir;;;;1;;;;;;;;;;;;;;;;;;;;;;;;;;;;;;;;;;;;
GMAO ORGANES;MAXIMO;Plan de Reprise d'Activité;DSI-T;Plan de reprise d'activité;PRA;;PRA310;PRA;310;Invalidé;A définir;ISO PROD;ISO PROD;ISO PROD;1;;;;;;;;;;;;;;;;;;;;;;;;;;;;;;;;;;;;
GMAO MR;MAXIMO;;MOA;Recette;REC4;;RECRDD;RECRDD;302;Désactivé;A définir;;;;0;;;;;;;;;;;;;;;;;;;;;;;;;;;;;;;;;;;;
GMAO MR;MAXIMO;;DSI-T;Intégration;REF;;REFERENCE;REFERENCE;303;Livré;A définir;;;;1;;;;;;;;;;;;;;;;;;;;;;;;;;;;;;;;;;;;
GMAO ORGANES;MBR;;DSI-T;Intégration;X64LMWBICZA;;MBR-EAR;MBR-EAR;310;Livré;A définir;;;;1;;;;;;;;;;;;;;;;;;;;;;;;;;;;;;;;;;;;
ORCHESTRAL;WPS/WTX;Test 3 briques MCO;GROUPEMENT;Qualification;ORCHDEV3;MCO 303 ;QUALIF303;QUALIF303;303;Livré;A définir;ISO PROD;DEV-PF2;AVANCE;1;#NOM?;;;;;;;;;;;;;;;;;;;;;;;;;;;;;;;;;;;
ORCHESTRAL;WPS/WTX;;MOA;Copie de production;A définir;;COPIEPROD;COPIEPROD;303;Invalidé;A définir;ISO PROD;RECETTE;SIMPLIFIE;1;;;;;;;;;;;;;;;;;;;;;;;;;;;;;;;;;;;;
RDD;SVN;SVN DataStage séparé ?;DSI-T;Outillage;SVN;;SVN;SVN;303;Livré;A définir;;;;1;;;;;;;;;;;;;;;;;;;;;;;;;;;;;;;;;;;;
OSMOVISION;OSMOVISION;;MOA;Copie de production;REC?;;COPI303;COPIEPROD;303;Invalidé;A définir;ISO PROD;RECETTE;SIMPLIFIE;1;;;;;;;;;;;;;;;;;;;;;;;;;;;;;;;;;;;;
XOS;XOS;Instance XOS pour envir GRPT;GROUPEMENT;Développement;RDD-XOS1;;DEV303;DEV303;303;Livré;A définir;STANDARD;RECETTE;SIMPLIFIE;0;;;;;;;;;;;;;;;;;;;;;;;;;;;;;;;;;;;;
OSMOVISION;OSMOVISION;;DSI-T;Performance;PERF;;PERF303;PERF;303;Livré;A définir;RECETTE;RECETTE;SIMPLIFIE;1;;;;;;;;;;;;;;;;;;;;;;;;;;;;;;;;;;;;
OSMOVISION;OSMOVISION;Utilisé par architectes;DSI-T;Recette;REC1;;REC303 1B;REC-1B;303;Livré;A définir;RECETTE;RECETTE;SIMPLIFIE;0;;;;;;;;;;;;;;;;;;;;;;;;;;;;;;;;;;;;
OSMOVISION;OSMOVISION;;MOA;Recette;REC3;Non affecté;Non affecté;Non affecté;303;Livré;A définir;RECETTE;RECETTE;SIMPLIFIE;1;;;;;;;;;;;;;;;;;;;;;;;;;;;;;;;;;;;;
XOS;XOS;;MOA;Marche à blanc;MAB303;MARCHE A BLANC 303;MAB303;MARCHE A BLANC;303;Livré;A définir;ISO PROD;ISO PROD;ISO PROD;1;;;;;;;;;;;;;;;;;;;;;;;;;;;;;;;;;;;;
COHERENCE;MDM;;MOA;Formation;COHBAC;;BAC-MOA-FORMATION303;BAC-MOA-FORMATION303;303;Désactivé;A définir;STANDARD;RECETTE;SIMPLIFIE;0;;;;;;;;;;;;;;;;;;;;;;;;;;;;;;;;;;;;
XOS;XOS;;MOA;Recette;REC3031;Recette multibrique 303;REC303;RECETTE;303;Livré;A définir;RECETTE;RECETTE;SIMPLIFIE;1;;;;;;;;;;;;;;;;;;;;;;;;;;;;;;;;;;;;
XOS;XOS;;DSI-T;Performance;PERF303;;PERF303;PERFORMANCE;303;Livré;A définir;ISO PROD;ISO PROD;ISO PROD;1;;;;;;;;;;;;;;;;;;;;;;;;;;;;;;;;;;;;
GMAO MR;MBR;;DSI-T;Intégration;X64LMWBIDFH;;MBR-EAR;MBR-EAR;310;Livré;A définir;;;;1;;;;;;;;;;;;;;;;;;;;;;;;;;;;;;;;;;;;
ORCHESTRAL;WPS/WTX;;DSI-T;Performance;PERF303;;PERF303;PERFORMANCE;303;Désactivé;A définir;ISO PROD;ISO PROD;ISO PROD;1;;;;;;;;;;;;;;;;;;;;;;;;;;;;;;;;;;;;
COHERENCE;MDM;;DSI-T;Performance;PERF303;;PERF303;PERFORMANCE;303;Livré;A définir;ISO PROD;ISO PROD;ISO PROD;1;;;;;;;;;;;;;;;;;;;;;;;;;;;;;;;;;;;;
PANAM;JVIEWS/CPLEX;PANAM branché à la ligne 310 de MAB;MOA;Marche à blanc;A définir;MARCHE A BLANC 310;MAB310;MARCHE A BLANC;303;A valider;24/03/2014;;;;1;;;;;;;;;;;;;;;;;;;;;;;;;;;;;;;;;;;;
XOS;XOS;;MOA;Marche à blanc;A définir;MARCHE A BLANC 310;MAB310;MARCHE A BLANC;310;A valider;24/03/2014;;;;1;;;;;;;;;;;;;;;;;;;;;;;;;;;;;;;;;;;;
GMAO MR;MBR;;DSI-T;Intégration;X64LMWBIDFI;;MBR-EAR;MBR-EAR;303;Livré;A définir;;;;1;;;;;;;;;;;;;;;;;;;;;;;;;;;;;;;;;;;;
GMAO MR;MBR;Pour dev 310 Org;GROUPEMENT;Développement;X64LMWBIDRM;Global ;MBR-DEV;MBR-DEV-ORG;310;Livré;A définir;;;;1;;;;;;;;;;;;;;;;;;;;;;;;;;;;;;;;;;;;
GMAO MR;MBR;;DSI-T;Intégration;X64LMWBIDS4;;MBR-EAR;MBR-EAR;303;Livré;A définir;;;;1;;;;;;;;;;;;;;;;;;;;;;;;;;;;;;;;;;;;
GMAO MR;MBR;;DSI-T;Intégration;X64LMWBIDS5;;MBR-EAR;MBR-EAR;303;Livré;A définir;;;;1;;;;;;;;;;;;;;;;;;;;;;;;;;;;;;;;;;;;
GMAO ORGANES;MBR;Pour intégration;GROUPEMENT;Développement;X64LMWBIDS6;;MBR-MCO;MBR-MCO-INT;303;Livré;A définir;;;;1;;;;;;;;;;;;;;;;;;;;;;;;;;;;;;;;;;;;
RDD;SSIS;Piste d'optimisation : Faire évoluer le SSIS RDD 303 de MAB 303;MOA;Marche à blanc;A définir;MARCHE A BLANC 310;MAB310;MARCHE A BLANC;310;A valider;24/03/2014;;;;1;;;;;;;;;;;;;;;;;;;;;;;;;;;;;;;;;;;;
GMAO MR;MBR;;DSI-T;Intégration;X64LMWBIGTX;;MBR-REF;MBR-REF;303;Livré;A définir;;;;1;;;;;;;;;;;;;;;;;;;;;;;;;;;;;;;;;;;;
RDD-PMS;SSIS;Piste d'optimisation : Faire évoluer le SSIS RDD-PMS 303 de MAB 303. Ne devrait pas évoluer en 310;MOA;Marche à blanc;A définir;MARCHE A BLANC 310;MAB310;MARCHE A BLANC;310;A valider;24/03/2014;;;;1;;;;;;;;;;;;;;;;;;;;;;;;;;;;;;;;;;;;
PUMA;;Prend en charge la recette multibrique 303 à partir du moment ou EVO_QUAL passe en 310;MOA;Recette;A définir;A voir;MCO_QUAL;MCO_QUAL;303;A valider;A définir;;;;1;;;;;;;;;;;;;;;;;;;;;;;;;;;;;;;;;;;;
GMAO MR;MAXIMO;Plan de Reprise d'Activité;DSI-T;Plan de reprise d'activité;PRA;;PRA310;PRA;310;A valider;A définir;ISO PROD;ISO PROD;ISO PROD;1;;;;;;;;;;;;;;;;;;;;;;;;;;;;;;;;;;;;
PUMA;;Aujourd'hui branché sur la recette multibrique 303. Se branchera par la suite à ???;MOA;Recette;A définir;A voir;EVO_QUAL;EVO_QUAL;310;Livré;Déjà Livré?;;;;1;;;;;;;;;;;;;;;;;;;;;;;;;;;;;;;;;;;;
GMAO MR;MBR;Pour Dev 310 MR;GROUPEMENT;Développement;X64LMWBIH4Y;Global ;MBR-DEV;MBR-DEV-MR;310;Livré;A définir;;;;0;;;;;;;;;;;;;;;;;;;;;;;;;;;;;;;;;;;;
PUMA;;Prend en charge les corrections MAB 303 à partir du moment ou EVO_MAB passe en 310;MOA;Marche à blanc;A définir;A voir;MCO_MAB;MCO_MAB;303;A valider;A définir;;;;1;;;;;;;;;;;;;;;;;;;;;;;;;;;;;;;;;;;;
PUMA;;Prend en charge la recette multibrique 303 à partir du moment ou EVO_REC passe en 310;MOA;Recette;A définir;A voir;MCO_REC;MCO_REC;303;A valider;A définir;;;;1;;;;;;;;;;;;;;;;;;;;;;;;;;;;;;;;;;;;
PUMA;;Aujourd'hui branché sur la recette multibrique 303. Se branchera par la suite à la recette multibrique 310;MOA;Recette;A définir;A voir;EVO_REC;EVO_REC;310;Livré;Déjà Livré?;;;;1;;;;;;;;;;;;;;;;;;;;;;;;;;;;;;;;;;;;
PUMA;;Aujourd'hui branché sur la MAB 303. Se branchera par la suite à la MAB 310;MOA;Marche à blanc;A définir;A voir;EVO_MAB;EVO_MAB;310;Livré;Déjà Livré?;;;;1;;;;;;;;;;;;;;;;;;;;;;;;;;;;;;;;;;;;
COHERENCE;MDM;Plan de Reprise d'Activité;DSI-T;Plan de reprise d'activité;PRA;;PRA;PRA;310;A valider;A définir;ISO PROD;ISO PROD;ISO PROD;1;;;;;;;;;;;;;;;;;;;;;;;;;;;;;;;;;;;;
ORCHESTRAL;WPS/WTX;Plan de Reprise d'Activité;DSI-T;Plan de reprise d'activité;PRA;;PRA;PRA;310;A valider;A définir;ISO PROD;ISO PROD;ISO PROD;1;;;;;;;;;;;;;;;;;;;;;;;;;;;;;;;;;;;;
GMAO ORGANES;MAXIMO;ORG Tests fonctionnels IHM- tests unitaires des interfaces;GROUPEMENT;Développement;A définir;;INTIHM;#NOM?;310;Invalidé;annulé;STANDARD;DEV-PF3;AVANCE (Cluster);1;;;;;;;;;;;;;;;;;;;;;;;;;;;;;;;;;;;;
GMAO ORGANES;MAXIMO;ORG Tests flux transverses N briques;GROUPEMENT;Qualification;A définir;;QUALIF310;#NOM?;310;Invalidé;annulé;STANDARD;DEV-PF2;SIMPLIFIE (StandAlone);1;;;;;;;;;;;;;;;;;;;;;;;;;;;;;;;;;;;;
GMAO ORGANES;MAXIMO;ORG Fiabilisations;GROUPEMENT;Fiabilisation;A définir;;FIAB;#NOM?;310;Invalidé;annulé;MEP310;DEV-PF3;ISO PROD;1;;;;;;;;;;;;;;;;;;;;;;;;;;;;;;;;;;;;
COHERENCE;MDM;Tests de Perf (MAJ pour 310 d'un envir. 303 );GROUPEMENT;Performance;PERF;;PERF;PERF;310;Invalidé;annulé;MEP310+2;ISO PROD;ISO PROD;1;;;;;;;;;;;;;;;;;;;;;;;;;;;;;;;;;;;;
GMAO ORGANES;MAXIMO;Tests de Perfs 310 (Création d'envir. de perf 310 ORG);GROUPEMENT;Performance;PERF;;PERF;PERF_ORG;310;Invalidé;annulé;MEP310+2;ISO PROD;ISO PROD;1;;;;;;;;;;;;;;;;;;;;;;;;;;;;;;;;;;;;
GMAO ORGANES;MAXIMO;;MOA;Copie de production;A définir;;COPI310;COPIEPROD;310;Invalidé;BOP 310;;;;0;;;;;;;;;;;;;;;;;;;;;;;;;;;;;;;;;;;;
PANAM;JVIEWS/CPLEX; Piste d'optimisation : Il n'y a pas de PANAM 310 => garder l'environnement copie de PROD PANAM 303 à jour Invalidé car la copie de prod 303 existe déjà  dans le fichier et qu'il n'y a pas d'évolution de PANAM en 310 ;MOA;Copie de production;A définir;;COPI310;COPIEPROD;303;Invalidé;BOP 310;;;;0;;;;;;;;;;;;;;;;;;;;;;;;;;;;;;;;;;;;
PANAM;JVIEWS/CPLEX; Recette monobrique pendant le 310 Piste d'optimisation : Le 310 n'existant pas réellement pour PANAM- il suffit de garder à jour le PANAM 303 monobrique Invalidé car la recette monobrique 303 existe déjà  dans le fichier et qu'il n'y a pas d'évolution de PANAM en 310 ;MOA;Recette;A définir;;REC310 1B;REC1B;303;Invalidé;BOP 310;;;;0;;;;;;;;;;;;;;;;;;;;;;;;;;;;;;;;;;;;
OSMOVISION;OSMOVISION;Plan de Reprise d'Activité;DSI-T;Plan de reprise d'activité;PRA;;PRA310;PRA;310;A valider;A définir;ISO PROD;ISO PROD;ISO PROD;1;;;;;;;;;;;;;;;;;;;;;;;;;;;;;;;;;;;;
XOS;XOS;Plan de Reprise d'Activité;DSI-T;Plan de reprise d'activité;PRA310;;PRA310;PRA;310;A valider;A définir;ISO PROD;ISO PROD;ISO PROD;1;;;;;;;;;;;;;;;;;;;;;;;;;;;;;;;;;;;;
RDD;ANTICHAMBRE;Déjà livré : NTS : Nous avons déjà 2 schémas à disposition qui pourront donc servir aux 2 besoin en //;MOA;Recette;REC11;Re7 Plan de Reprise;RDD310_2;RDD310_2;310;Livré;Déjà Livré?;;;;1;;;;;;;;;;;;;;;;;;;;;;;;;;;;;;;;;;;;
GMAO ORGANES;MAXIMO;CD 310 Organes;GROUPEMENT;Développement;DEV21;;DMAQ;#NOM?;310;Désactivé;;STANDARD;DEV-PF1;SIMPLIFIE;0;;;;;;;;;;;;;;;;;;;;;;;;;;;;;;;;;;;;
ARCHIVAGE;;;MOA;Marche à blanc;A définir;MARCHE A BLANC 310;MAB310;MARCHE A BLANC;310;A valider;A définir;;;;1;;;;;;;;;;;;;;;;;;;;;;;;;;;;;;;;;;;;
ARCHIVAGE;;;MOA;Recette;A définir;Recette multi-briques 310;REC310 NB;REC310 NB;310;A valider;A définir;;;;1;;;;;;;;;;;;;;;;;;;;;;;;;;;;;;;;;;;;
GMAO MR;MAXIMO;Piste d'optimisation : Prendre la copie de production 303 et la migrer en 310 lors de la bascule;MOA;Copie de production;A définir;COPIE DE PRODUCTION;COPI310;COPIEPROD;310;A valider;BOP 310;;;;0;;;;;;;;;;;;;;;;;;;;;;;;;;;;;;;;;;;;
COHERENCE;MDM;Piste d'optimisation : Prendre la copie de production 303 et la migrer en 310 lors de la bascule;MOA;Copie de production;A définir;COPIE DE PRODUCTION;COPI310;COPIEPROD;310;A valider;BOP 310;;;;0;;;;;;;;;;;;;;;;;;;;;;;;;;;;;;;;;;;;